question,participant,sentiment,participant_short,question_short
Q1. What do you do outside of work/school?,Interview 3.txt,1.0,3 Melanie,Q1. What do you do outside of work/school?
Q2. How much time would you say you spend on social media on a typical day? What kind of content do you usually see?,Interview 3.txt,-1.0,3 Melanie,Q2. How much time would you say you spend on soci...
Q3. How does scrolling through content on social media make you feel?,Interview 3.txt,-1.0,3 Melanie,Q3. How does scrolling through content on social ...
Q4. Do you find yourself comparing your image to people you see online? How does that affect you?,Interview 3.txt,1.0,3 Melanie,Q4. Do you find yourself comparing your image to ...
"Q5. When you're feeling good about yourself, what's usually contributing to that?",Interview 3.txt,2.0,3 Melanie,"Q5. When you're feeling good about yourself, what..."
Q6. What would you say has the biggest influence on how you feel about yourself?,Interview 3.txt,0.0,3 Melanie,Q6. What would you say has the biggest influence ...
Q7. How would you describe your relationship with your body currently?,Interview 3.txt,0.0,3 Melanie,Q7. How would you describe your relationship with...
Q8. Have you ever avoided a physical activity because of how you thought you'd look doing working out?,Interview 3.txt,-1.0,3 Melanie,Q8. Have you ever avoided a physical activity bec...
Q9. Were you involved in any sports or physical activities? How did that shape how you think about exercise now?,Interview 3.txt,1.0,3 Melanie,Q9. Were you involved in any sports or physical a...
Q10. Have you ever signed up for a gym and stopped going? What led to that?,Interview 3.txt,-1.0,3 Melanie,Q10. Have you ever signed up for a gym and stopped...
Q11. When was the last time you thought about going to the gym but didn't end up going?,Interview 3.txt,-1.0,3 Melanie,Q11. When was the last time you thought about goin...
"Q12. If you went to the gym tomorrow, how confident would you be knowing where to start or what to do?",Interview 3.txt,2.0,3 Melanie,"Q12. If you went to the gym tomorrow, how confiden..."
Q13. Do you ever feel like gyms are catered for certain types of people? What gives you that impression?,Interview 3.txt,-1.0,3 Melanie,Q13. Do you ever feel like gyms are catered for ce...
"Q14. When you think about going to the gym, do you picture yourself going alone or with someone? Why?",Interview 3.txt,0.0,3 Melanie,"Q14. When you think about going to the gym, do you..."
"Q15. What is your preference working out alone, taking a group fitness class, or exercising casually with friends?",Interview 3.txt,1.0,3 Melanie,"Q15. What is your preference working out alone, ta..."
"Q16. If something could remove one barrier to getting you into the gym consistently, what would it be?",Interview 3.txt,0.0,3 Melanie,Q16. If something could remove one barrier to gett...
Q17. How would you feel best supported going to the gym?,Interview 3.txt,1.0,3 Melanie,Q17. How would you feel best supported going to th...
Q18. What would you hope to gain from going to the gym?,Interview 3.txt,2.0,3 Melanie,Q18. What would you hope to gain from going to the...
Q1. What do you do outside of work/school?,Interview 4.txt,1.0,4,Q1. What do you do outside of work/school?
Q2. How much time would you say you spend on social media on a typical day? What kind of content do you usually see?,Interview 4.txt,0.0,4,Q2. How much time would you say you spend on soci...
Q3. How does scrolling through content on social media make you feel?,Interview 4.txt,1.0,4,Q3. How does scrolling through content on social ...
Q4. Do you find yourself comparing your image to people you see online? How does that affect you?,Interview 4.txt,1.0,4,Q4. Do you find yourself comparing your image to ...
"Q5. When you're feeling good about yourself, what's usually contributing to that?",Interview 4.txt,2.0,4,"Q5. When you're feeling good about yourself, what..."
Q6. What would you say has the biggest influence on how you feel about yourself?,Interview 4.txt,0.0,4,Q6. What would you say has the biggest influence ...
Q7. How would you describe your relationship with your body currently?,Interview 4.txt,2.0,4,Q7. How would you describe your relationship with...
Q8. Have you ever avoided a physical activity because of how you thought you'd look doing working out?,Interview 4.txt,0.0,4,Q8. Have you ever avoided a physical activity bec...
Q9. Were you involved in any sports or physical activities? How did that shape how you think about exercise now?,Interview 4.txt,2.0,4,Q9. Were you involved in any sports or physical a...
Q10. Have you ever signed up for a gym and stopped going? What led to that?,Interview 4.txt,0.0,4,Q10. Have you ever signed up for a gym and stopped...
Q11. When was the last time you thought about going to the gym but didn't end up going?,Interview 4.txt,-1.0,4,Q11. When was the last time you thought about goin...
"Q12. If you went to the gym tomorrow, how confident would you be knowing where to start or what to do?",Interview 4.txt,-1.0,4,"Q12. If you went to the gym tomorrow, how confiden..."
Q13. Do you ever feel like gyms are catered for certain types of people? What gives you that impression?,Interview 4.txt,-1.0,4,Q13. Do you ever feel like gyms are catered for ce...
"Q14. When you think about going to the gym, do you picture yourself going alone or with someone? Why?",Interview 4.txt,0.0,4,"Q14. When you think about going to the gym, do you..."
"Q15. What is your preference working out alone, taking a group fitness class, or exercising casually with friends?",Interview 4.txt,1.0,4,"Q15. What is your preference working out alone, ta..."
"Q16. If something could remove one barrier to getting you into the gym consistently, what would it be?",Interview 4.txt,0.0,4,Q16. If something could remove one barrier to gett...
Q17. How would you feel best supported going to the gym?,Interview 4.txt,1.0,4,Q17. How would you feel best supported going to th...
Q18. What would you hope to gain from going to the gym?,Interview 4.txt,2.0,4,Q18. What would you hope to gain from going to the...
Q1. What do you do outside of work/school?,Interview 5a.txt,1.0,5a,Q1. What do you do outside of work/school?
Q2. How much time would you say you spend on social media on a typical day? What kind of content do you usually see?,Interview 5a.txt,0.0,5a,Q2. How much time would you say you spend on soci...
Q3. How does scrolling through content on social media make you feel?,Interview 5a.txt,-1.0,5a,Q3. How does scrolling through content on social ...
Q4. Do you find yourself comparing your image to people you see online? How does that affect you?,Interview 5a.txt,-1.0,5a,Q4. Do you find yourself comparing your image to ...
"Q5. When you're feeling good about yourself, what's usually contributing to that?",Interview 5a.txt,2.0,5a,"Q5. When you're feeling good about yourself, what..."
Q6. What would you say has the biggest influence on how you feel about yourself?,Interview 5a.txt,1.0,5a,Q6. What would you say has the biggest influence ...
Q7. How would you describe your relationship with your body currently?,Interview 5a.txt,-2.0,5a,Q7. How would you describe your relationship with...
Q8. Have you ever avoided a physical activity because of how you thought you'd look doing working out?,Interview 5a.txt,0.0,5a,Q8. Have you ever avoided a physical activity bec...
Q9. Were you involved in any sports or physical activities? How did that shape how you think about exercise now?,Interview 5a.txt,2.0,5a,Q9. Were you involved in any sports or physical a...
Q10. Have you ever signed up for a gym and stopped going? What led to that?,Interview 5a.txt,-1.0,5a,Q10. Have you ever signed up for a gym and stopped...
Q11. When was the last time you thought about going to the gym but didn't end up going?,Interview 5a.txt,-1.0,5a,Q11. When was the last time you thought about goin...
"Q12. If you went to the gym tomorrow, how confident would you be knowing where to start or what to do?",Interview 5a.txt,0.0,5a,"Q12. If you went to the gym tomorrow, how confiden..."
Q13. Do you ever feel like gyms are catered for certain types of people? What gives you that impression?,Interview 5a.txt,-1.0,5a,Q13. Do you ever feel like gyms are catered for ce...
"Q14. When you think about going to the gym, do you picture yourself going alone or with someone? Why?",Interview 5a.txt,1.0,5a,"Q14. When you think about going to the gym, do you..."
"Q15. What is your preference working out alone, taking a group fitness class, or exercising casually with friends?",Interview 5a.txt,1.0,5a,"Q15. What is your preference working out alone, ta..."
"Q16. If something could remove one barrier to getting you into the gym consistently, what would it be?",Interview 5a.txt,-1.0,5a,Q16. If something could remove one barrier to gett...
Q17. How would you feel best supported going to the gym?,Interview 5a.txt,1.0,5a,Q17. How would you feel best supported going to th...
Q18. What would you hope to gain from going to the gym?,Interview 5a.txt,2.0,5a,Q18. What would you hope to gain from going to the...
Q4. Do you find yourself comparing your image to people you see online?,Interview 5a.txt,-1.0,5a,Q4. Do you find yourself comparing your image to ...
Q1. What do you do outside of work/school?,Interview 5b.txt,1.0,5b,Q1. What do you do outside of work/school?
Q2. How much time would you say you spend on social media on a typical day? What kind of content do you usually see?,Interview 5b.txt,0.0,5b,Q2. How much time would you say you spend on soci...
Q3. How does scrolling through content on social media make you feel?,Interview 5b.txt,2.0,5b,Q3. How does scrolling through content on social ...
Q4. Do you find yourself comparing your image to people you see online? How does that affect you?,Interview 5b.txt,1.0,5b,Q4. Do you find yourself comparing your image to ...
"Q5. When you're feeling good about yourself, what's usually contributing to that?",Interview 5b.txt,2.0,5b,"Q5. When you're feeling good about yourself, what..."
Q6. What would you say has the biggest influence on how you feel about yourself?,Interview 5b.txt,1.0,5b,Q6. What would you say has the biggest influence ...
Q7. How would you describe your relationship with your body currently?,Interview 5b.txt,-2.0,5b,Q7. How would you describe your relationship with...
Q8. Have you ever avoided a physical activity because of how you thought you'd look doing working out?,Interview 5b.txt,0.0,5b,Q8. Have you ever avoided a physical activity bec...
Q9. Were you involved in any sports or physical activities? How did that shape how you think about exercise now?,Interview 5b.txt,2.0,5b,Q9. Were you involved in any sports or physical a...
Q10. Have you ever signed up for a gym and stopped going? What led to that?,Interview 5b.txt,-1.0,5b,Q10. Have you ever signed up for a gym and stopped...
Q11. When was the last time you thought about going to the gym but didn't end up going?,Interview 5b.txt,0.0,5b,Q11. When was the last time you thought about goin...
"Q12. If you went to the gym tomorrow, how confident would you be knowing where to start or what to do?",Interview 5b.txt,2.0,5b,"Q12. If you went to the gym tomorrow, how confiden..."
Q13. Do you ever feel like gyms are catered for certain types of people? What gives you that impression?,Interview 5b.txt,0.0,5b,Q13. Do you ever feel like gyms are catered for ce...
"Q14. When you think about going to the gym, do you picture yourself going alone or with someone? Why?",Interview 5b.txt,0.0,5b,"Q14. When you think about going to the gym, do you..."
"Q15. What is your preference working out alone, taking a group fitness class, or exercising casually with friends?",Interview 5b.txt,1.0,5b,"Q15. What is your preference working out alone, ta..."
"Q16. If something could remove one barrier to getting you into the gym consistently, what would it be?",Interview 5b.txt,1.0,5b,Q16. If something could remove one barrier to gett...
Q17. How would you feel best supported going to the gym?,Interview 5b.txt,1.0,5b,Q17. How would you feel best supported going to th...
Q18. What would you hope to gain from going to the gym?,Interview 5b.txt,2.0,5b,Q18. What would you hope to gain from going to the...
Q1. What do you do outside of work/school?,J Interview.txt,0.0,J Interview,Q1. What do you do outside of work/school?
Q2. How much time would you say you spend on social media on a typical day? What kind of content do you usually see?,J Interview.txt,0.0,J Interview,Q2. How much time would you say you spend on soci...
Q3. How does scrolling through content on social media make you feel?,J Interview.txt,0.0,J Interview,Q3. How does scrolling through content on social ...
Q4. Do you find yourself comparing your image to people you see online? How does that affect you?,J Interview.txt,1.0,J Interview,Q4. Do you find yourself comparing your image to ...
"Q5. When you're feeling good about yourself, what's usually contributing to that?",J Interview.txt,2.0,J Interview,"Q5. When you're feeling good about yourself, what..."
Q6. What would you say has the biggest influence on how you feel about yourself?,J Interview.txt,2.0,J Interview,Q6. What would you say has the biggest influence ...
Q7. How would you describe your relationship with your body currently?,J Interview.txt,2.0,J Interview,Q7. How would you describe your relationship with...
Q8. Have you ever avoided a physical activity because of how you thought you'd look doing working out?,J Interview.txt,1.0,J Interview,Q8. Have you ever avoided a physical activity bec...
Q9. Were you involved in any sports or physical activities? How did that shape how you think about exercise now?,J Interview.txt,2.0,J Interview,Q9. Were you involved in any sports or physical a...
Q10. Have you ever signed up for a gym and stopped going? What led to that?,J Interview.txt,0.0,J Interview,Q10. Have you ever signed up for a gym and stopped...
Q11. When was the last time you thought about going to the gym but didn't end up going?,J Interview.txt,-1.0,J Interview,Q11. When was the last time you thought about goin...
"Q12. If you went to the gym tomorrow, how confident would you be knowing where to start or what to do?",J Interview.txt,2.0,J Interview,"Q12. If you went to the gym tomorrow, how confiden..."
Q13. Do you ever feel like gyms are catered for certain types of people? What gives you that impression?,J Interview.txt,1.0,J Interview,Q13. Do you ever feel like gyms are catered for ce...
"Q14. When you think about going to the gym, do you picture yourself going alone or with someone? Why?",J Interview.txt,1.0,J Interview,"Q14. When you think about going to the gym, do you..."
"Q15. What is your preference working out alone, taking a group fitness class, or exercising casually with friends?",J Interview.txt,1.0,J Interview,"Q15. What is your preference working out alone, ta..."
"Q16. If something could remove one barrier to getting you into the gym consistently, what would it be?",J Interview.txt,-1.0,J Interview,Q16. If something could remove one barrier to gett...
Q18. What would you hope to gain from going to the gym?,J Interview.txt,2.0,J Interview,Q18. What would you hope to gain from going to the...
Q4. Do you find yourself comparing your image to people you see online?,J Interview.txt,1.0,J Interview,Q4. Do you find yourself comparing your image to ...
Q1. What do you do outside of work/school?,K Interview.txt,0.0,K Interview,Q1. What do you do outside of work/school?
Q2. How much time would you say you spend on social media on a typical day? What kind of content do you usually see?,K Interview.txt,0.0,K Interview,Q2. How much time would you say you spend on soci...
Q3. How does scrolling through content on social media make you feel?,K Interview.txt,0.0,K Interview,Q3. How does scrolling through content on social ...
"Q5. When you're feeling good about yourself, what's usually contributing to that?",K Interview.txt,2.0,K Interview,"Q5. When you're feeling good about yourself, what..."
Q6. What would you say has the biggest influence on how you feel about yourself?,K Interview.txt,2.0,K Interview,Q6. What would you say has the biggest influence ...
Q8. Have you ever avoided a physical activity because of how you thought you'd look doing working out?,K Interview.txt,1.0,K Interview,Q8. Have you ever avoided a physical activity bec...
Q9. Were you involved in any sports or physical activities? How did that shape how you think about exercise now?,K Interview.txt,2.0,K Interview,Q9. Were you involved in any sports or physical a...
Q10. Have you ever signed up for a gym and stopped going? What led to that?,K Interview.txt,-1.0,K Interview,Q10. Have you ever signed up for a gym and stopped...
Q11. When was the last time you thought about going to the gym but didn't end up going?,K Interview.txt,-1.0,K Interview,Q11. When was the last time you thought about goin...
"Q12. If you went to the gym tomorrow, how confident would you be knowing where to start or what to do?",K Interview.txt,2.0,K Interview,"Q12. If you went to the gym tomorrow, how confiden..."
Q13. Do you ever feel like gyms are catered for certain types of people? What gives you that impression?,K Interview.txt,0.0,K Interview,Q13. Do you ever feel like gyms are catered for ce...
"Q14. When you think about going to the gym, do you picture yourself going alone or with someone? Why?",K Interview.txt,1.0,K Interview,"Q14. When you think about going to the gym, do you..."
"Q15. What is your preference working out alone, taking a group fitness class, or exercising casually with friends?",K Interview.txt,1.0,K Interview,"Q15. What is your preference working out alone, ta..."
"Q16. If something could remove one barrier to getting you into the gym consistently, what would it be?",K Interview.txt,1.0,K Interview,Q16. If something could remove one barrier to gett...
Q17. How would you feel best supported going to the gym?,K Interview.txt,1.0,K Interview,Q17. How would you feel best supported going to th...
Q18. What would you hope to gain from going to the gym?,K Interview.txt,2.0,K Interview,Q18. What would you hope to gain from going to the...
Q4. Do you find yourself comparing your image to people you see online?,K Interview.txt,1.0,K Interview,Q4. Do you find yourself comparing your image to ...
Q1. What do you do outside of work/school?,Q Interview.txt,1.0,Q Interview,Q1. What do you do outside of work/school?
Q2. How much time would you say you spend on social media on a typical day? What kind of content do you usually see?,Q Interview.txt,0.0,Q Interview,Q2. How much time would you say you spend on soci...
Q3. How does scrolling through content on social media make you feel?,Q Interview.txt,-1.0,Q Interview,Q3. How does scrolling through content on social ...
Q4. Do you find yourself comparing your image to people you see online? How does that affect you?,Q Interview.txt,1.0,Q Interview,Q4. Do you find yourself comparing your image to ...
"Q5. When you're feeling good about yourself, what's usually contributing to that?",Q Interview.txt,2.0,Q Interview,"Q5. When you're feeling good about yourself, what..."
Q6. What would you say has the biggest influence on how you feel about yourself?,Q Interview.txt,2.0,Q Interview,Q6. What would you say has the biggest influence ...
Q7. How would you describe your relationship with your body currently?,Q Interview.txt,0.0,Q Interview,Q7. How would you describe your relationship with...
Q8. Have you ever avoided a physical activity because of how you thought you'd look doing working out?,Q Interview.txt,0.0,Q Interview,Q8. Have you ever avoided a physical activity bec...
Q9. Were you involved in any sports or physical activities? How did that shape how you think about exercise now?,Q Interview.txt,1.0,Q Interview,Q9. Were you involved in any sports or physical a...
Q10. Have you ever signed up for a gym and stopped going? What led to that?,Q Interview.txt,0.0,Q Interview,Q10. Have you ever signed up for a gym and stopped...
Q11. When was the last time you thought about going to the gym but didn't end up going?,Q Interview.txt,-1.0,Q Interview,Q11. When was the last time you thought about goin...
"Q12. If you went to the gym tomorrow, how confident would you be knowing where to start or what to do?",Q Interview.txt,2.0,Q Interview,"Q12. If you went to the gym tomorrow, how confiden..."
Q13. Do you ever feel like gyms are catered for certain types of people? What gives you that impression?,Q Interview.txt,0.0,Q Interview,Q13. Do you ever feel like gyms are catered for ce...
"Q14. When you think about going to the gym, do you picture yourself going alone or with someone? Why?",Q Interview.txt,1.0,Q Interview,"Q14. When you think about going to the gym, do you..."
"Q15. What is your preference working out alone, taking a group fitness class, or exercising casually with friends?",Q Interview.txt,1.0,Q Interview,"Q15. What is your preference working out alone, ta..."
"Q16. If something could remove one barrier to getting you into the gym consistently, what would it be?",Q Interview.txt,-1.0,Q Interview,Q16. If something could remove one barrier to gett...
Q18. What would you hope to gain from going to the gym?,Q Interview.txt,1.0,Q Interview,Q18. What would you hope to gain from going to the...
Q4. Do you find yourself comparing your image to people you see online?,Q Interview.txt,1.0,Q Interview,Q4. Do you find yourself comparing your image to ...
Q1. What do you do outside of work/school?,T Interview.txt,1.0,T Interview,Q1. What do you do outside of work/school?
Q2. How much time would you say you spend on social media on a typical day? What kind of content do you usually see?,T Interview.txt,0.0,T Interview,Q2. How much time would you say you spend on soci...
Q3. How does scrolling through content on social media make you feel?,T Interview.txt,-1.0,T Interview,Q3. How does scrolling through content on social ...
Q4. Do you find yourself comparing your image to people you see online? How does that affect you?,T Interview.txt,0.0,T Interview,Q4. Do you find yourself comparing your image to ...
"Q5. When you're feeling good about yourself, what's usually contributing to that?",T Interview.txt,2.0,T Interview,"Q5. When you're feeling good about yourself, what..."
Q6. What would you say has the biggest influence on how you feel about yourself?,T Interview.txt,2.0,T Interview,Q6. What would you say has the biggest influence ...
Q7. How would you describe your relationship with your body currently?,T Interview.txt,1.0,T Interview,Q7. How would you describe your relationship with...
Q8. Have you ever avoided a physical activity because of how you thought you'd look doing working out?,T Interview.txt,-1.0,T Interview,Q8. Have you ever avoided a physical activity bec...
Q9. Were you involved in any sports or physical activities? How did that shape how you think about exercise now?,T Interview.txt,1.0,T Interview,Q9. Were you involved in any sports or physical a...
Q10. Have you ever signed up for a gym and stopped going? What led to that?,T Interview.txt,-1.0,T Interview,Q10. Have you ever signed up for a gym and stopped...
Q11. When was the last time you thought about going to the gym but didn't end up going?,T Interview.txt,-1.0,T Interview,Q11. When was the last time you thought about goin...
"Q12. If you went to the gym tomorrow, how confident would you be knowing where to start or what to do?",T Interview.txt,2.0,T Interview,"Q12. If you went to the gym tomorrow, how confiden..."
Q13. Do you ever feel like gyms are catered for certain types of people? What gives you that impression?,T Interview.txt,-1.0,T Interview,Q13. Do you ever feel like gyms are catered for ce...
"Q14. When you think about going to the gym, do you picture yourself going alone or with someone? Why?",T Interview.txt,1.0,T Interview,"Q14. When you think about going to the gym, do you..."
"Q15. What is your preference working out alone, taking a group fitness class, or exercising casually with friends?",T Interview.txt,1.0,T Interview,"Q15. What is your preference working out alone, ta..."
"Q16. If something could remove one barrier to getting you into the gym consistently, what would it be?",T Interview.txt,0.0,T Interview,Q16. If something could remove one barrier to gett...
Q17. How would you feel best supported going to the gym?,T Interview.txt,1.0,T Interview,Q17. How would you feel best supported going to th...
Q18. What would you hope to gain from going to the gym?,T Interview.txt,2.0,T Interview,Q18. What would you hope to gain from going to the...
