name,address,latitude,longitude,price,google_maps_url,types
The Handle Bar HEAT | Charlestown Location,"100 Hood Park Dr, Boston, MA 02129, USA",42.3796059,-71.07332,$159,https://maps.google.com/?cid=7529673211474227338&g_mp=Cilnb29nbGUubWFwcy5wbGFjZXMudjEuUGxhY2VzLlNlYXJjaE5lYXJieRACGAQgAA,"fitness_center, wellness_center, gym, sports_activity_location, health, point_of_interest, establishment"
YMCA Boston,"150 3rd Ave, Charlestown, MA 02129, USA",42.3763971,-71.0533551,community center,https://maps.google.com/?cid=7527424902649669138&g_mp=Cilnb29nbGUubWFwcy5wbGFjZXMudjEuUGxhY2VzLlNlYXJjaE5lYXJieRACGAQgAA,"non_profit_organization, fitness_center, swimming_pool, gym, sports_activity_location, association_or_organization, health, point_of_interest, establishment"
CorePower Yoga - Charlestown,"19 Austin St Suite E101, Charlestown, MA 02129, USA",42.376033,-71.0653887,$189,https://maps.google.com/?cid=8905111633642408114&g_mp=Cilnb29nbGUubWFwcy5wbGFjZXMudjEuUGxhY2VzLlNlYXJjaE5lYXJieRACGAQgAA,"yoga_studio, fitness_center, gym, sports_complex, sports_school, sports_activity_location, health, point_of_interest, establishment"
East Boston YMCA,"215 Bremen St, Boston, MA 02128, USA",42.3734483,-71.0331398,community center,https://maps.google.com/?cid=7627664218979515037&g_mp=Cilnb29nbGUubWFwcy5wbGFjZXMudjEuUGxhY2VzLlNlYXJjaE5lYXJieRACGAQgAA,"gym, non_profit_organization, service, association_or_organization, health, sports_activity_location, point_of_interest, establishment"
Down Under School of Yoga - Harvard Square,"22 John F. Kennedy St, Cambridge, MA 02138, USA",42.3729198,-71.1195813,$179,https://maps.google.com/?cid=9165251984858637068&g_mp=Cilnb29nbGUubWFwcy5wbGFjZXMudjEuUGxhY2VzLlNlYXJjaE5lYXJieRACGAQgAA,"yoga_studio, fitness_center, gym, sports_school, sports_complex, sports_activity_location, health, point_of_interest, establishment"
Barre & Soul – Boston (Harvard Square),"36 John F. Kennedy St, Cambridge, MA 02138, USA",42.3726521,-71.1198805,$159,https://maps.google.com/?cid=13999315812250645666&g_mp=Cilnb29nbGUubWFwcy5wbGFjZXMudjEuUGxhY2VzLlNlYXJjaE5lYXJieRACGAQgAA,"yoga_studio, fitness_center, gym, sports_school, sports_complex, sports_activity_location, health, point_of_interest, establishment"
Artemis Yoga,"639 Mt Auburn St, Watertown, MA 02472, USA",42.3714353,-71.1573867,$159,https://maps.google.com/?cid=672287575323781144&g_mp=Cilnb29nbGUubWFwcy5wbGFjZXMudjEuUGxhY2VzLlNlYXJjaE5lYXJieRACGAQgAA,"yoga_studio, wellness_center, fitness_center, gym, sports_complex, sports_activity_location, sports_school, health, point_of_interest, establishment"
Dirty Water Fitness,"247 Cambridge St, Cambridge, MA 02141, USA",42.371256,-71.0800813,personal,https://maps.google.com/?cid=253926771624096714&g_mp=Cilnb29nbGUubWFwcy5wbGFjZXMudjEuUGxhY2VzLlNlYXJjaE5lYXJieRACGAQgAA,"fitness_center, gym, sports_activity_location, health, point_of_interest, establishment"
Central Rock Gym - Watertown,"74 Acton St, Watertown, MA 02472, USA",42.369575,-71.1986564,$125,https://maps.google.com/?cid=7807399549785827364&g_mp=Cilnb29nbGUubWFwcy5wbGFjZXMudjEuUGxhY2VzLlNlYXJjaE5lYXJieRACGAQgAA,"yoga_studio, fitness_center, summer_camp_organizer, gym, amusement_center, sports_complex, sports_school, health, sports_activity_location, point_of_interest, establishment"
B/SPOKE East Boston,"125 Sumner St, Boston, MA 02128, USA",42.3695447,-71.0415577,$168,https://maps.google.com/?cid=6524740550222185527&g_mp=Cilnb29nbGUubWFwcy5wbGFjZXMudjEuUGxhY2VzLlNlYXJjaE5lYXJieRACGAQgAA,"fitness_center, yoga_studio, sauna, gym, public_bath, sports_complex, spa, sports_school, service, health, sports_activity_location, point_of_interest, establishment"
CrossFit City Line,"69 Howard St, Watertown, MA 02472, USA",42.3684925,-71.1960699,$211,https://maps.google.com/?cid=15218872083334988408&g_mp=Cilnb29nbGUubWFwcy5wbGFjZXMudjEuUGxhY2VzLlNlYXJjaE5lYXJieRACGAQgAA,"gym, health, sports_activity_location, point_of_interest, service, establishment"
The Point Barre and Yoga,"20 Orleans St, Boston, MA 02128, USA",42.3672551,-71.038783,$155,https://maps.google.com/?cid=11185153965293452634&g_mp=Cilnb29nbGUubWFwcy5wbGFjZXMudjEuUGxhY2VzLlNlYXJjaE5lYXJieRACGAQgAA,"yoga_studio, fitness_center, sports_school, sports_complex, gym, sports_activity_location, point_of_interest, health, establishment"
FORMAT,"420 Commercial St, Boston, MA 02109, USA",42.3669196,-71.0523887,$245,https://maps.google.com/?cid=2309774924796005073&g_mp=Cilnb29nbGUubWFwcy5wbGFjZXMudjEuUGxhY2VzLlNlYXJjaE5lYXJieRACGAQgAA,"fitness_center, gym, health, sports_activity_location, point_of_interest, establishment"
Cambridge YMCA,"820 Massachusetts Ave, Cambridge, MA 02139, USA",42.3668341,-71.106678,community center,https://maps.google.com/?cid=15327765924274390258&g_mp=Cilnb29nbGUubWFwcy5wbGFjZXMudjEuUGxhY2VzLlNlYXJjaE5lYXJieRACGAQgAA,"gym, preschool, child_care_agency, sports_activity_location, health, point_of_interest, service, school, educational_institution, establishment"
Shad Hall,"Shad Hall, 70 N Harvard St, Boston, MA 02163, USA",42.3663971,-71.1247178,University,https://maps.google.com/?cid=14892011442894166461&g_mp=Cilnb29nbGUubWFwcy5wbGFjZXMudjEuUGxhY2VzLlNlYXJjaE5lYXJieRACGAQgAA,"gym, sports_activity_location, health, point_of_interest, establishment"
Orangetheory Fitness,"270 Third St, Cambridge, MA 02142, USA",42.3660585,-71.0819506,$189,https://maps.google.com/?cid=8244350678701521843&g_mp=Cilnb29nbGUubWFwcy5wbGFjZXMudjEuUGxhY2VzLlNlYXJjaE5lYXJieRACGAQgAA,"gym, fitness_center, sports_activity_location, health, service, point_of_interest, establishment"
The Handle Bar - Kendall Square,"14 Hampshire St B3002, Cambridge, MA 02139, USA",42.3660462,-71.0910425,$159,https://maps.google.com/?cid=11139709068441238783&g_mp=Cilnb29nbGUubWFwcy5wbGFjZXMudjEuUGxhY2VzLlNlYXJjaE5lYXJieRACGAQgAA,"gym, sports_activity_location, health, point_of_interest, establishment"
Boston Body Pilates - East Watertown,"57 Mt Auburn St, Watertown, MA 02472, USA",42.3658737,-71.181426,$375,https://maps.google.com/?cid=1268458198015972083&g_mp=Cilnb29nbGUubWFwcy5wbGFjZXMudjEuUGxhY2VzLlNlYXJjaE5lYXJieRACGAQgAA,"sports_school, sports_complex, gym, sports_activity_location, point_of_interest, health, establishment"
TheFastFitness Performance & Health,"41 E Pier Dr, Boston, MA 02128, USA",42.3658316,-71.0402407,personal,https://maps.google.com/?cid=10668544377351634194&g_mp=Cilnb29nbGUubWFwcy5wbGFjZXMudjEuUGxhY2VzLlNlYXJjaE5lYXJieRACGAQgAA,"fitness_center, medical_clinic, service, sports_complex, gym, sports_activity_location, point_of_interest, health, establishment"
Planet Fitness,"625 Massachusetts Ave, Cambridge, MA 02139, USA",42.3657,-71.1032,$25,https://maps.google.com/?cid=15159317931495386963&g_mp=Cilnb29nbGUubWFwcy5wbGFjZXMudjEuUGxhY2VzLlNlYXJjaE5lYXJieRACGAQgAA,"gym, sports_activity_location, health, point_of_interest, establishment"
Cambridge Community Center,"5 Callender St, Cambridge, MA 02139, USA",42.365534,-71.1112232,community center,https://maps.google.com/?cid=8789257349478593301&g_mp=Cilnb29nbGUubWFwcy5wbGFjZXMudjEuUGxhY2VzLlNlYXJjaE5lYXJieRACGAQgAA,"community_center, childrens_camp, art_gallery, farmers_market, gym, event_venue, child_care_agency, market, government_office, sports_activity_location, health, point_of_interest, service, establishment"
VIM Fitness,"579 Massachusetts Ave, Cambridge, MA 02139, USA",42.3653755,-71.1022491,$84,https://maps.google.com/?cid=17390488039203908143&g_mp=Cilnb29nbGUubWFwcy5wbGFjZXMudjEuUGxhY2VzLlNlYXJjaE5lYXJieRACGAQgAA,"gym, fitness_center, sports_activity_location, health, point_of_interest, establishment"
[solidcore] North Station,"106 Beverly St Space S2, Boston, MA 02114, USA",42.3653317,-71.0598549,$288,https://maps.google.com/?cid=15556749040633886627&g_mp=Cilnb29nbGUubWFwcy5wbGFjZXMudjEuUGxhY2VzLlNlYXJjaE5lYXJieRACGAQgAA,"gym, fitness_center, sports_complex, sports_school, sports_activity_location, health, service, point_of_interest, establishment"
Arsenal Performance- Health.Strength.Community,"49 Clarendon St, Watertown, MA 02472, USA",42.3651171,-71.1536025,personal,https://maps.google.com/?cid=17124496669676935321&g_mp=Cilnb29nbGUubWFwcy5wbGFjZXMudjEuUGxhY2VzLlNlYXJjaE5lYXJieRACGAQgAA,"fitness_center, gym, sports_activity_location, sports_club, consultant, association_or_organization, health, point_of_interest, service, establishment"
CorePower Yoga - Kendall Square,"205 Galileo Galilei Way, Cambridge, MA 02142, USA",42.3650483,-71.0890649,$189,https://maps.google.com/?cid=2639405556174171035&g_mp=Cilnb29nbGUubWFwcy5wbGFjZXMudjEuUGxhY2VzLlNlYXJjaE5lYXJieRACGAQgAA,"yoga_studio, fitness_center, gym, sports_complex, sports_school, sports_activity_location, health, point_of_interest, establishment"
The Handle Bar HEAT | North End Location,"77 N Washington St, Boston, MA 02114, USA",42.3650269,-71.0580874,$159,https://maps.google.com/?cid=4464273953904805396&g_mp=Cilnb29nbGUubWFwcy5wbGFjZXMudjEuUGxhY2VzLlNlYXJjaE5lYXJieRACGAQgAA,"gym, sports_complex, sports_school, health, sports_activity_location, point_of_interest, establishment"
TITLE Boxing Club Watertown,"150 Arsenal St, Watertown, MA 02472, USA",42.364958,-71.176491,$129,https://maps.google.com/?cid=9871127575528383072&g_mp=Cilnb29nbGUubWFwcy5wbGFjZXMudjEuUGxhY2VzLlNlYXJjaE5lYXJieRACGAQgAA,"sports_coaching, sports_school, sports_complex, gym, sports_activity_location, point_of_interest, health, establishment"
btone FITNESS North End,"133 Salem St, Boston, MA 02113, USA",42.364769,-71.055332,$179,https://maps.google.com/?cid=14449666674809740472&g_mp=Cilnb29nbGUubWFwcy5wbGFjZXMudjEuUGxhY2VzLlNlYXJjaE5lYXJieRACGAQgAA,"fitness_center, gym, sports_complex, sports_school, health, sports_activity_location, point_of_interest, establishment"
Nova fitness Poli,"222 Arsenal St, Watertown, MA 02472, USA",42.3645328,-71.1730037,$265,https://maps.google.com/?cid=17021434425246240899&g_mp=Cilnb29nbGUubWFwcy5wbGFjZXMudjEuUGxhY2VzLlNlYXJjaE5lYXJieRACGAQgAA,"gym, sports_activity_location, health, point_of_interest, establishment"
Cambridge Athletic Club,"215 First St, Cambridge, MA 02142, USA",42.3643991,-71.0788381,N/A,https://maps.google.com/?cid=9259205964571612078&g_mp=Cilnb29nbGUubWFwcy5wbGFjZXMudjEuUGxhY2VzLlNlYXJjaE5lYXJieRACGAQgAA,"gym, fitness_center, sports_complex, school, educational_institution, athletic_field, consultant, sports_activity_location, health, point_of_interest, service, establishment"
EastieFit,"256 Marginal St #16b, Boston, MA 02128, USA",42.3639736,-71.0317447,N/A,https://maps.google.com/?cid=17036606306676720874&g_mp=Cilnb29nbGUubWFwcy5wbGFjZXMudjEuUGxhY2VzLlNlYXJjaE5lYXJieRACGAQgAA,"gym, sports_activity_location, health, point_of_interest, establishment"
Planet Fitness,"191 Watertown St, Watertown, MA 02472, USA",42.3637301,-71.1945514,$25,https://maps.google.com/?cid=7449047613610219014&g_mp=Cilnb29nbGUubWFwcy5wbGFjZXMudjEuUGxhY2VzLlNlYXJjaE5lYXJieRACGAQgAA,"gym, tanning_studio, fitness_center, spa, service, sports_activity_location, point_of_interest, health, establishment"
GymIt,"36 Arlington St, Watertown, MA 02472, USA",42.3636927,-71.1546956,$36,https://maps.google.com/?cid=3371893918498542133&g_mp=Cilnb29nbGUubWFwcy5wbGFjZXMudjEuUGxhY2VzLlNlYXJjaE5lYXJieRACGAQgAA,"gym, fitness_center, sports_activity_location, health, point_of_interest, service, establishment"
Soma Yoga Center,"256 Hanover St 3rd floor, Boston, MA 02113, USA",42.363663,-71.0549839,$159,https://maps.google.com/?cid=107521411984704823&g_mp=Cilnb29nbGUubWFwcy5wbGFjZXMudjEuUGxhY2VzLlNlYXJjaE5lYXJieRACGAQgAA,"yoga_studio, fitness_center, sports_complex, sports_school, gym, sports_activity_location, health, point_of_interest, establishment"
[solidcore] Arsenal Yards,"535 Arsenal St, Watertown, MA 02472, USA",42.3627934,-71.1594058,$288,https://maps.google.com/?cid=10043427742443504834&g_mp=Cilnb29nbGUubWFwcy5wbGFjZXMudjEuUGxhY2VzLlNlYXJjaE5lYXJieRACGAQgAA,"gym, fitness_center, sports_complex, sports_activity_location, sports_school, health, point_of_interest, service, establishment"
Fitness & Fuel,"390 Western Ave, Brighton, MA 02135, USA",42.3627142,-71.1380931,personal,https://maps.google.com/?cid=17192862852442914760&g_mp=Cilnb29nbGUubWFwcy5wbGFjZXMudjEuUGxhY2VzLlNlYXJjaE5lYXJieRACGAQgAA,"gym, fitness_center, sports_activity_location, health, point_of_interest, service, establishment"
F45 Training Watertown,"49 Bond St, Watertown, MA 02472, USA",42.3623521,-71.1598629,$170,https://maps.google.com/?cid=4381610707096529845&g_mp=Cilnb29nbGUubWFwcy5wbGFjZXMudjEuUGxhY2VzLlNlYXJjaE5lYXJieRACGAQgAA,"gym, fitness_center, sports_activity_location, health, point_of_interest, establishment"
Pure Barre,"53 Bond St, Watertown, MA 02472, USA",42.3622625,-71.1598493,$159,https://maps.google.com/?cid=18000461085750982500&g_mp=Cilnb29nbGUubWFwcy5wbGFjZXMudjEuUGxhY2VzLlNlYXJjaE5lYXJieRACGAQgAA,"fitness_center, gym, sports_activity_location, health, point_of_interest, establishment"
F45 Training North End Boston,"99 Blackstone St, Boston, MA 02109, USA",42.3616595,-71.0560041,$170,https://maps.google.com/?cid=3410782846330097482&g_mp=Cilnb29nbGUubWFwcy5wbGFjZXMudjEuUGxhY2VzLlNlYXJjaE5lYXJieRACGAQgAA,"gym, fitness_center, sports_activity_location, point_of_interest, health, establishment"
New York Sports Club,"1 Bulfinch Pl, Boston, MA 02114, USA",42.3615804,-71.0609101,$99,https://maps.google.com/?cid=10378746487269982427&g_mp=Cilnb29nbGUubWFwcy5wbGFjZXMudjEuUGxhY2VzLlNlYXJjaE5lYXJieRACGAQgAA,"gym, yoga_studio, fitness_center, sports_complex, spa, sports_school, service, sports_club, association_or_organization, health, sports_activity_location, point_of_interest, establishment"
Nonantum Boxing Club,"75 Adams St, Newton, MA 02458, USA",42.3611837,-71.2044707,$90,https://maps.google.com/?cid=6497030695322432541&g_mp=Cilnb29nbGUubWFwcy5wbGFjZXMudjEuUGxhY2VzLlNlYXJjaE5lYXJieRACGAQgAA,"gym, sports_coaching, sports_school, sports_complex, sports_activity_location, point_of_interest, health, establishment"
MIT Recreation - Alumni Pool and Wang Fitness Center,"32 Vassar St, Cambridge, MA 02139, USA",42.361164,-71.0901019,University,https://maps.google.com/?cid=17337883745274936732&g_mp=Cilnb29nbGUubWFwcy5wbGFjZXMudjEuUGxhY2VzLlNlYXJjaE5lYXJieRACGAQgAA,"swimming_pool, gym, sports_activity_location, health, point_of_interest, establishment"
Beacon Hill Yoga,"1 Grove St 2nd fl, Boston, MA 02114, USA",42.3603909,-71.0685716,$164,https://maps.google.com/?cid=11288167263679180806&g_mp=Cilnb29nbGUubWFwcy5wbGFjZXMudjEuUGxhY2VzLlNlYXJjaE5lYXJieRACGAQgAA,"yoga_studio, fitness_center, gym, sports_complex, sports_school, sports_activity_location, health, point_of_interest, establishment"
CrossFit Boston,"100 Holton St, Boston, MA 02135, USA",42.3593855,-71.1386573,$229,https://maps.google.com/?cid=3626086088656222682&g_mp=Cilnb29nbGUubWFwcy5wbGFjZXMudjEuUGxhY2VzLlNlYXJjaE5lYXJieRACGAQgAA,"wellness_center, gym, sports_activity_location, consultant, health, point_of_interest, service, establishment"
MIT Recreation - Zesiger Sports and Fitness Center,"120 Vassar St, Cambridge, MA 02139, USA",42.358815,-71.096199,University,https://maps.google.com/?cid=16756688305734115411&g_mp=Cilnb29nbGUubWFwcy5wbGFjZXMudjEuUGxhY2VzLlNlYXJjaE5lYXJieRACGAQgAA,"fitness_center, gym, sports_complex, sports_activity_location, health, point_of_interest, establishment"
CorePower Yoga - Newton,"305 Centre St, Newton, MA 02458, USA",42.3579174,-71.1848393,$189,https://maps.google.com/?cid=8156942916757775216&g_mp=Cilnb29nbGUubWFwcy5wbGFjZXMudjEuUGxhY2VzLlNlYXJjaE5lYXJieRACGAQgAA,"yoga_studio, fitness_center, sports_school, sports_complex, gym, sports_activity_location, point_of_interest, health, establishment"
Gym Hub,"27 School St, Boston, MA 02108, USA",42.3578488,-71.0590695,personal,https://maps.google.com/?cid=10988651800637397520&g_mp=Cilnb29nbGUubWFwcy5wbGFjZXMudjEuUGxhY2VzLlNlYXJjaE5lYXJieRACGAQgAA,"gym, sports_activity_location, point_of_interest, health, establishment"
"NB Fitness Club, LLC","40 Life St, Brighton, MA 02135, USA",42.3570049,-71.1461785,$98,https://maps.google.com/?cid=1660653907489801011&g_mp=Cilnb29nbGUubWFwcy5wbGFjZXMudjEuUGxhY2VzLlNlYXJjaE5lYXJieRACGAQgAA,"gym, sports_activity_location, health, point_of_interest, establishment"
Republic Fitness,"Two International Place, International Pl, Boston, MA 02110, USA",42.3564429,-71.0517885,University,https://maps.google.com/?cid=11432528743406517210&g_mp=Cilnb29nbGUubWFwcy5wbGFjZXMudjEuUGxhY2VzLlNlYXJjaE5lYXJieRACGAQgAA,"gym, yoga_studio, fitness_center, sports_complex, sports_activity_location, sports_school, point_of_interest, health, service, establishment"
Equinox Franklin Street,"225 Franklin St, Boston, MA 02110, USA",42.3559701,-71.0539553,$275,https://maps.google.com/?cid=4659915286295490155&g_mp=Cilnb29nbGUubWFwcy5wbGFjZXMudjEuUGxhY2VzLlNlYXJjaE5lYXJieRACGAQgAA,"gym, health, sports_activity_location, point_of_interest, establishment"
Planet Fitness,"17 Winter St, Boston, MA 02108, USA",42.3559586,-71.0611921,$25,https://maps.google.com/?cid=1301089784490408213&g_mp=Cilnb29nbGUubWFwcy5wbGFjZXMudjEuUGxhY2VzLlNlYXJjaE5lYXJieRACGAQgAA,"gym, fitness_center, tanning_studio, spa, sports_activity_location, health, service, point_of_interest, establishment"
B/SPOKE Downtown Boston,"101 Federal St, Boston, MA 02110, USA",42.3550422,-71.0567997,$168,https://maps.google.com/?cid=956631978889510393&g_mp=Cilnb29nbGUubWFwcy5wbGFjZXMudjEuUGxhY2VzLlNlYXJjaE5lYXJieRACGAQgAA,"fitness_center, yoga_studio, gym, sports_complex, sports_school, health, sports_activity_location, point_of_interest, service, establishment"
West Suburban YMCA,"276 Church St, Newton, MA 02458, USA",42.3546594,-71.1914187,community center,https://maps.google.com/?cid=16397991023265139072&g_mp=Cilnb29nbGUubWFwcy5wbGFjZXMudjEuUGxhY2VzLlNlYXJjaE5lYXJieRACGAQgAA,"non_profit_organization, fitness_center, sports_complex, summer_camp_organizer, preschool, child_care_agency, gym, sports_activity_location, health, school, educational_institution, association_or_organization, service, point_of_interest, establishment"
CorePower Yoga - Seaport,"20 Bond Drive, Boston, MA 02210, USA",42.354006,-71.045931,$189,https://maps.google.com/?cid=10468254988229766879&g_mp=Cilnb29nbGUubWFwcy5wbGFjZXMudjEuUGxhY2VzLlNlYXJjaE5lYXJieRACGAQgAA,"yoga_studio, fitness_center, gym, sports_complex, sports_school, health, sports_activity_location, point_of_interest, establishment"
F45 Training Boston Financial District,"99 Summer St, Boston, MA 02110, USA",42.3537434,-71.0582753,$170,https://maps.google.com/?cid=4344993629067084417&g_mp=Cilnb29nbGUubWFwcy5wbGFjZXMudjEuUGxhY2VzLlNlYXJjaE5lYXJieRACGAQgAA,"gym, fitness_center, sports_activity_location, point_of_interest, health, establishment"
CorePower Yoga - Downtown Crossing,"18 Kingston St Suite L100, Boston, MA 02110, USA",42.353499,-71.0586299,$189,https://maps.google.com/?cid=1225033505322754690&g_mp=Cilnb29nbGUubWFwcy5wbGFjZXMudjEuUGxhY2VzLlNlYXJjaE5lYXJieRACGAQgAA,"yoga_studio, fitness_center, gym, sports_complex, sports_school, health, sports_activity_location, point_of_interest, establishment"
Equinox Seaport,"27 Northern Ave, Boston, MA 02210, USA",42.3533219,-71.0476806,$275,https://maps.google.com/?cid=10113311421254629530&g_mp=Cilnb29nbGUubWFwcy5wbGFjZXMudjEuUGxhY2VzLlNlYXJjaE5lYXJieRACGAQgAA,"gym, health, sports_activity_location, point_of_interest, establishment"
Equinox Sports Club Boston,"4 Avery St, Boston, MA 02111, USA",42.353014,-71.063256,$275,https://maps.google.com/?cid=8719284010747070826&g_mp=Cilnb29nbGUubWFwcy5wbGFjZXMudjEuUGxhY2VzLlNlYXJjaE5lYXJieRACGAQgAA,"gym, yoga_studio, fitness_center, sports_school, spa, sports_complex, sports_activity_location, point_of_interest, service, health, establishment"
F45 Training Allston,"89 Brighton Ave, Allston, MA 02134, USA",42.3529727,-71.129646,$170,https://maps.google.com/?cid=7004320130146363593&g_mp=Cilnb29nbGUubWFwcy5wbGFjZXMudjEuUGxhY2VzLlNlYXJjaE5lYXJieRACGAQgAA,"gym, fitness_center, sports_activity_location, health, point_of_interest, establishment"
Commonwealth Sports Club,"1079 Commonwealth Ave, Boston, MA 02215, USA",42.3525311,-71.1243076,$275,https://maps.google.com/?cid=1255425054857940976&g_mp=Cilnb29nbGUubWFwcy5wbGFjZXMudjEuUGxhY2VzLlNlYXJjaE5lYXJieRACGAQgAA,"gym, yoga_studio, fitness_center, swimming_pool, sports_coaching, sports_school, sports_complex, sports_activity_location, health, service, point_of_interest, establishment"
CorePower Yoga - Back Bay,"399 Boylston St, Boston, MA 02116, USA",42.3517658,-71.0720139,$189,https://maps.google.com/?cid=957555536461944755&g_mp=Cilnb29nbGUubWFwcy5wbGFjZXMudjEuUGxhY2VzLlNlYXJjaE5lYXJieRACGAQgAA,"yoga_studio, fitness_center, sports_school, gym, sports_complex, sports_activity_location, point_of_interest, health, establishment"
CorePower Yoga - Comm Ave,"1119 Commonwealth Ave, Boston, MA 02215, USA",42.3516878,-71.1259786,$189,https://maps.google.com/?cid=13699345115571039127&g_mp=Cilnb29nbGUubWFwcy5wbGFjZXMudjEuUGxhY2VzLlNlYXJjaE5lYXJieRACGAQgAA,"yoga_studio, fitness_center, gym, sports_school, sports_complex, sports_activity_location, health, point_of_interest, establishment"
Boston University Fitness and Recreation Center,"915 Commonwealth Ave, Boston, MA 02215, USA",42.3514719,-71.1163957,University,https://maps.google.com/?cid=12629190392587006005&g_mp=Cilnb29nbGUubWFwcy5wbGFjZXMudjEuUGxhY2VzLlNlYXJjaE5lYXJieRACGAQgAA,"gym, yoga_studio, fitness_center, swimming_pool, sports_school, sports_complex, sports_activity_location, wellness_center, health, point_of_interest, establishment"
Boston Yoga Union - Back Bay,"364 Boylston St 2nd Floor, Boston, MA 02116, USA",42.3514404,-71.0715513,$159,https://maps.google.com/?cid=9446038320605009655&g_mp=Cilnb29nbGUubWFwcy5wbGFjZXMudjEuUGxhY2VzLlNlYXJjaE5lYXJieRACGAQgAA,"yoga_studio, fitness_center, gym, sports_complex, sports_school, clothing_store, sports_activity_location, health, store, point_of_interest, establishment"
New York Sports Club,"505 Boylston St, Boston, MA 02116, USA",42.350994,-71.0747473,$75,https://maps.google.com/?cid=4304896434918733114&g_mp=Cilnb29nbGUubWFwcy5wbGFjZXMudjEuUGxhY2VzLlNlYXJjaE5lYXJieRACGAQgAA,"gym, health, sports_activity_location, point_of_interest, establishment"
Oak Square YMCA,"615 Washington St, Brighton, MA 02135, USA",42.3508836,-71.1671344,community center,https://maps.google.com/?cid=1977118494854062181&g_mp=Cilnb29nbGUubWFwcy5wbGFjZXMudjEuUGxhY2VzLlNlYXJjaE5lYXJieRACGAQgAA,"gym, non_profit_organization, swimming_pool, sports_activity_location, association_or_organization, point_of_interest, health, service, establishment"
GymIt,"920 Commonwealth Ave, Brookline, MA 02446, USA",42.350867,-71.1170696,$36,https://maps.google.com/?cid=2961743452570463919&g_mp=Cilnb29nbGUubWFwcy5wbGFjZXMudjEuUGxhY2VzLlNlYXJjaE5lYXJieRACGAQgAA,"fitness_center, gym, sports_activity_location, health, service, point_of_interest, establishment"
Lynx Fitness Club,"64 Arlington St, Boston, MA 02116, USA",42.3508485,-71.069876,$189,https://maps.google.com/?cid=8249060269451288525&g_mp=Cilnb29nbGUubWFwcy5wbGFjZXMudjEuUGxhY2VzLlNlYXJjaE5lYXJieRACGAQgAA,"gym, fitness_center, sports_club, association_or_organization, sports_activity_location, point_of_interest, service, health, establishment"
Orangetheory Fitness,"10 St James Ave, Boston, MA 02116, USA",42.3506393,-71.0707397,$189,https://maps.google.com/?cid=18050601809747433643&g_mp=Cilnb29nbGUubWFwcy5wbGFjZXMudjEuUGxhY2VzLlNlYXJjaE5lYXJieRACGAQgAA,"gym, fitness_center, health, sports_activity_location, point_of_interest, service, establishment"
Orangetheory Fitness,"375 Market St, Boston, MA 02135, USA",42.350501,-71.1528788,$189,https://maps.google.com/?cid=13111993889652325524&g_mp=Cilnb29nbGUubWFwcy5wbGFjZXMudjEuUGxhY2VzLlNlYXJjaE5lYXJieRACGAQgAA,"gym, fitness_center, sports_activity_location, health, service, point_of_interest, establishment"
Fichera Fitness,"17 Henshaw St, Brighton, MA 02135, USA",42.3499046,-71.1501569,personal,https://maps.google.com/?cid=17239339708824942667&g_mp=Cilnb29nbGUubWFwcy5wbGFjZXMudjEuUGxhY2VzLlNlYXJjaE5lYXJieRACGAQgAA,"fitness_center, gym, sports_activity_location, health, sports_club, association_or_organization, service, point_of_interest, establishment"
Backyard Boston,"5 Necco St, Boston, MA 02210, USA",42.3493443,-71.0510203,$149,https://maps.google.com/?cid=2377631900239953705&g_mp=Cilnb29nbGUubWFwcy5wbGFjZXMudjEuUGxhY2VzLlNlYXJjaE5lYXJieRACGAQgAA,"gym, sports_activity_location, health, point_of_interest, establishment"
Planet Fitness,"226 Harvard Ave, Boston, MA 02134, USA",42.3493323,-71.12974,$25,https://maps.google.com/?cid=4456973862965721418&g_mp=Cilnb29nbGUubWFwcy5wbGFjZXMudjEuUGxhY2VzLlNlYXJjaE5lYXJieRACGAQgAA,"fitness_center, gym, sports_activity_location, health, point_of_interest, establishment"
Wave Health & Fitness,"1 Seaport Ln, Boston, MA 02210, USA",42.3493049,-71.0414908,$150,https://maps.google.com/?cid=5869134244625682498&g_mp=Cilnb29nbGUubWFwcy5wbGFjZXMudjEuUGxhY2VzLlNlYXJjaE5lYXJieRACGAQgAA,"fitness_center, gym, sports_activity_location, health, point_of_interest, establishment"
[solidcore] Seaport,"399 Congress St Suite 2, Boston, MA 02210, USA",42.3490216,-71.0445974,$288,https://maps.google.com/?cid=184449878937209038&g_mp=Cilnb29nbGUubWFwcy5wbGFjZXMudjEuUGxhY2VzLlNlYXJjaE5lYXJieRACGAQgAA,"gym, fitness_center, sports_complex, sports_school, health, sports_activity_location, point_of_interest, service, establishment"
Healthworks Fitness Back Bay,"441 Stuart St, Boston, MA 02116, USA",42.3486374,-71.0758921,N/A,https://maps.google.com/?cid=9443246199969010112&g_mp=Cilnb29nbGUubWFwcy5wbGFjZXMudjEuUGxhY2VzLlNlYXJjaE5lYXJieRACGAQgAA,"fitness_center, gym, health, sports_activity_location, point_of_interest, establishment"
Wang YMCA of Chinatown,"8 Oak St W, Boston, MA 02116, USA",42.3486208,-71.0648842,community center,https://maps.google.com/?cid=13682261413828842768&g_mp=Cilnb29nbGUubWFwcy5wbGFjZXMudjEuUGxhY2VzLlNlYXJjaE5lYXJieRACGAQgAA,"non_profit_organization, fitness_center, childrens_camp, gym, swimming_pool, child_care_agency, association_or_organization, sports_activity_location, point_of_interest, service, health, establishment"
SLT Back Bay,"341 Newbury St, Boston, MA 02115, USA",42.3485144,-71.0868779,$256,https://maps.google.com/?cid=2758109770134717614&g_mp=Cilnb29nbGUubWFwcy5wbGFjZXMudjEuUGxhY2VzLlNlYXJjaE5lYXJieRACGAQgAA,"fitness_center, gym, sports_complex, sports_school, health, sports_activity_location, point_of_interest, service, establishment"
Crunch Fitness - Allston,"15 Gorham St, Allston, MA 02134, USA",42.3484217,-71.1327984,$30,https://maps.google.com/?cid=1916355287452191453&g_mp=Cilnb29nbGUubWFwcy5wbGFjZXMudjEuUGxhY2VzLlNlYXJjaE5lYXJieRACGAQgAA,"gym, sports_activity_location, health, point_of_interest, establishment"
Barry's Boston Back Bay,"455 Stuart St, Boston, MA 02116, USA",42.3483778,-71.0769751,$230,https://maps.google.com/?cid=457124397576304088&g_mp=Cilnb29nbGUubWFwcy5wbGFjZXMudjEuUGxhY2VzLlNlYXJjaE5lYXJieRACGAQgAA,"gym, health, sports_activity_location, point_of_interest, establishment"
Planet Fitness,"361 Newbury St, Boston, MA 02115, USA",42.34833,-71.08763,$25,https://maps.google.com/?cid=8911080601962253387&g_mp=Cilnb29nbGUubWFwcy5wbGFjZXMudjEuUGxhY2VzLlNlYXJjaE5lYXJieRACGAQgAA,"gym, fitness_center, tanning_studio, spa, health, sports_activity_location, point_of_interest, service, establishment"
TITLE Boxing Club Boston Newbury Street,"338 Newbury St, Boston, MA 02115, USA",42.3482383,-71.086611,$129,https://maps.google.com/?cid=1776715271811298422&g_mp=Cilnb29nbGUubWFwcy5wbGFjZXMudjEuUGxhY2VzLlNlYXJjaE5lYXJieRACGAQgAA,"gym, sports_coaching, sports_complex, sports_school, health, sports_activity_location, point_of_interest, establishment"
Pure Barre,"350 Newbury St, Boston, MA 02115, USA",42.3481347,-71.0871198,$159,https://maps.google.com/?cid=7200462042223947196&g_mp=Cilnb29nbGUubWFwcy5wbGFjZXMudjEuUGxhY2VzLlNlYXJjaE5lYXJieRACGAQgAA,"fitness_center, gym, health, sports_activity_location, point_of_interest, establishment"
Equinox Dartmouth,"131 Dartmouth St, Boston, MA 02116, USA",42.3470414,-71.0753582,$275,https://maps.google.com/?cid=3290510385774558600&g_mp=Cilnb29nbGUubWFwcy5wbGFjZXMudjEuUGxhY2VzLlNlYXJjaE5lYXJieRACGAQgAA,"gym, yoga_studio, fitness_center, sports_complex, sports_school, health, sports_activity_location, point_of_interest, establishment"
Down Under School of Yoga - Boston Back Bay,"1112 Boylston St, Boston, MA 02215, USA",42.3468412,-71.088715,$179,https://maps.google.com/?cid=17643020613371443388&g_mp=Cilnb29nbGUubWFwcy5wbGFjZXMudjEuUGxhY2VzLlNlYXJjaE5lYXJieRACGAQgAA,"yoga_studio, fitness_center, massage_spa, gym, massage, sports_complex, spa, sports_school, health, sports_activity_location, point_of_interest, service, establishment"
The Handle Bar | South End Location,"310 Harrison Ave, Boston, MA 02118, USA",42.3460149,-71.0630701,$159,https://maps.google.com/?cid=18337975021403511426&g_mp=Cilnb29nbGUubWFwcy5wbGFjZXMudjEuUGxhY2VzLlNlYXJjaE5lYXJieRACGAQgAA,"fitness_center, sports_school, gym, sports_complex, sports_activity_location, point_of_interest, health, establishment"
SWETSTUDIO,"480 Tremont St, Boston, MA 02116, USA",42.3459922,-71.0690559,$140,https://maps.google.com/?cid=2394416052252885580&g_mp=Cilnb29nbGUubWFwcy5wbGFjZXMudjEuUGxhY2VzLlNlYXJjaE5lYXJieRACGAQgAA,"yoga_studio, fitness_center, gym, sports_complex, sports_school, health, sports_activity_location, point_of_interest, establishment"
Down Under School of Yoga - Brookline,"1054 Beacon St, Brookline, MA 02446, USA",42.3458042,-71.1091513,$179,https://maps.google.com/?cid=3908955527757941927&g_mp=Cilnb29nbGUubWFwcy5wbGFjZXMudjEuUGxhY2VzLlNlYXJjaE5lYXJieRACGAQgAA,"yoga_studio, fitness_center, gym, sports_school, sports_complex, sports_activity_location, health, point_of_interest, establishment"
[solidcore] South End,"345 Harrison Ave, Boston, MA 02118, USA",42.345237,-71.0647471,$288,https://maps.google.com/?cid=6760700431407996461&g_mp=Cilnb29nbGUubWFwcy5wbGFjZXMudjEuUGxhY2VzLlNlYXJjaE5lYXJieRACGAQgAA,"fitness_center, sports_school, gym, sports_complex, sports_activity_location, point_of_interest, health, establishment"
Down Under School of Yoga - Boston South End,"505 Tremont St, Boston, MA 02116, USA",42.3450736,-71.0704345,$179,https://maps.google.com/?cid=12739626444618811177&g_mp=Cilnb29nbGUubWFwcy5wbGFjZXMudjEuUGxhY2VzLlNlYXJjaE5lYXJieRACGAQgAA,"yoga_studio, fitness_center, gym, sports_complex, sports_school, health, sports_activity_location, point_of_interest, establishment"
[solidcore] Fenway,"94 Van Ness St, Boston, MA 02215, USA",42.3447894,-71.0997965,$288,https://maps.google.com/?cid=12975933985343428045&g_mp=Cilnb29nbGUubWFwcy5wbGFjZXMudjEuUGxhY2VzLlNlYXJjaE5lYXJieRACGAQgAA,"gym, fitness_center, sports_school, sports_complex, sports_activity_location, health, service, point_of_interest, establishment"
CorePower Yoga - Fenway,"1282 Boylston St, Boston, MA 02215, USA",42.3446273,-71.0968911,$189,https://maps.google.com/?cid=12709261615883797917&g_mp=Cilnb29nbGUubWFwcy5wbGFjZXMudjEuUGxhY2VzLlNlYXJjaE5lYXJieRACGAQgAA,"yoga_studio, fitness_center, gym, sports_complex, sports_school, health, sports_activity_location, point_of_interest, establishment"
CorePower Yoga - Ink Block,"36 Traveler St Unit 1, Boston, MA 02118, USA",42.3444761,-71.0631752,$189,https://maps.google.com/?cid=1236037915381135088&g_mp=Cilnb29nbGUubWFwcy5wbGFjZXMudjEuUGxhY2VzLlNlYXJjaE5lYXJieRACGAQgAA,"yoga_studio, fitness_center, sports_school, gym, sports_complex, sports_activity_location, point_of_interest, health, establishment"
Healthworks Coolidge Corner,"325 Harvard St, Brookline, MA 02446, USA",42.3437032,-71.1235431,N/A,https://maps.google.com/?cid=11106280133138455411&g_mp=Cilnb29nbGUubWFwcy5wbGFjZXMudjEuUGxhY2VzLlNlYXJjaE5lYXJieRACGAQgAA,"fitness_center, yoga_studio, sauna, public_bath, gym, sports_school, massage_spa, massage, spa, sports_complex, sports_activity_location, health, service, point_of_interest, establishment"
Epoc Studios,"1250 Washington St, Boston, MA 02118, USA",42.3423694,-71.0673522,$208,https://maps.google.com/?cid=16532342647997389216&g_mp=Cilnb29nbGUubWFwcy5wbGFjZXMudjEuUGxhY2VzLlNlYXJjaE5lYXJieRACGAQgAA,"fitness_center, gym, health, sports_activity_location, point_of_interest, establishment"
TRAIN Fitness Studio,"637 Tremont St, Boston, MA 02118, USA",42.3423641,-71.0750912,personal,https://maps.google.com/?cid=593335864122416549&g_mp=Cilnb29nbGUubWFwcy5wbGFjZXMudjEuUGxhY2VzLlNlYXJjaE5lYXJieRACGAQgAA,"yoga_studio, fitness_center, gym, sports_complex, consultant, sports_school, health, sports_activity_location, point_of_interest, service, establishment"
Boston Yoga Union - Coolidge,"1297 Beacon St, Brookline, MA 02446, USA",42.3422118,-71.1200599,$159,https://maps.google.com/?cid=5931494662933212510&g_mp=Cilnb29nbGUubWFwcy5wbGFjZXMudjEuUGxhY2VzLlNlYXJjaE5lYXJieRACGAQgAA,"yoga_studio, fitness_center, gym, sports_complex, sports_school, health, massage, sports_activity_location, point_of_interest, service, establishment"
True Fitness,"69 A St, South Boston, MA 02127, USA",42.3419807,-71.0548436,$99,https://maps.google.com/?cid=15154387456705624799&g_mp=Cilnb29nbGUubWFwcy5wbGFjZXMudjEuUGxhY2VzLlNlYXJjaE5lYXJieRACGAQgAA,"fitness_center, gym, sports_activity_location, health, point_of_interest, establishment"
The Handle Bar HEAT | South Boston Location,"141 Dorchester Ave, Boston, MA 02127, USA",42.3419516,-71.0574969,$159,https://maps.google.com/?cid=7561048498010536739&g_mp=Cilnb29nbGUubWFwcy5wbGFjZXMudjEuUGxhY2VzLlNlYXJjaE5lYXJieRACGAQgAA,"fitness_center, gym, sports_activity_location, health, point_of_interest, establishment"
BURN Fitness Studios,"547 Columbus Ave, Boston, MA 02118, USA",42.3416134,-71.0808944,personal,https://maps.google.com/?cid=18161531337184757107&g_mp=Cilnb29nbGUubWFwcy5wbGFjZXMudjEuUGxhY2VzLlNlYXJjaE5lYXJieRACGAQgAA,"gym, yoga_studio, fitness_center, sports_complex, sports_school, sports_activity_location, health, service, point_of_interest, establishment"
Beacon Hill Athletic Clubs,"1686 Commonwealth Ave, Brighton, MA 02135, USA",42.3413677,-71.1459606,$79,https://maps.google.com/?cid=17337102590090060629&g_mp=Cilnb29nbGUubWFwcy5wbGFjZXMudjEuUGxhY2VzLlNlYXJjaE5lYXJieRACGAQgAA,"fitness_center, gym, health, sports_activity_location, point_of_interest, service, establishment"
YMCA of Greater Boston - Huntington Ave,"316 Huntington Ave, Boston, MA 02115, USA",42.3409096,-71.087034,community center,https://maps.google.com/?cid=239950314343470031&g_mp=Cilnb29nbGUubWFwcy5wbGFjZXMudjEuUGxhY2VzLlNlYXJjaE5lYXJieRACGAQgAA,"non_profit_organization, fitness_center, swimming_pool, gym, sports_activity_location, association_or_organization, health, service, point_of_interest, establishment"
SoWa Health + Wellness,"560 Harrison Ave, Boston, MA 02118, USA",42.3405485,-71.0671673,$190,https://maps.google.com/?cid=6843242219790500374&g_mp=Cilnb29nbGUubWFwcy5wbGFjZXMudjEuUGxhY2VzLlNlYXJjaE5lYXJieRACGAQgAA,"fitness_center, gym, health, sports_activity_location, point_of_interest, service, establishment"
Marino Recreation Center,"369 Huntington Ave, Boston, MA 02115, USA",42.3401925,-71.0903077,University,https://maps.google.com/?cid=987604917792177505&g_mp=Cilnb29nbGUubWFwcy5wbGFjZXMudjEuUGxhY2VzLlNlYXJjaE5lYXJieRACGAQgAA,"gym, sports_activity_location, health, point_of_interest, establishment"
barre3,"1624 Beacon St, Brookline, MA 02446, USA",42.3397494,-71.1352961,$199,https://maps.google.com/?cid=717458047061701234&g_mp=Cilnb29nbGUubWFwcy5wbGFjZXMudjEuUGxhY2VzLlNlYXJjaE5lYXJieRACGAQgAA,"gym, sports_activity_location, point_of_interest, health, establishment"
Studio78 - K Street,"60 K St, Boston, MA 02127, USA",42.3395123,-71.0373801,$200,https://maps.google.com/?cid=5677046301405180929&g_mp=Cilnb29nbGUubWFwcy5wbGFjZXMudjEuUGxhY2VzLlNlYXJjaE5lYXJieRACGAQgAA,"fitness_center, gym, sports_activity_location, health, point_of_interest, establishment"
B3 Fitness,"778 Tremont St, Boston, MA 02118, USA",42.3393352,-71.0798886,personal,https://maps.google.com/?cid=12690080753813264903&g_mp=Cilnb29nbGUubWFwcy5wbGFjZXMudjEuUGxhY2VzLlNlYXJjaE5lYXJieRACGAQgAA,"fitness_center, gym, sports_activity_location, health, service, point_of_interest, establishment"
Ethos Fitness + Performance,"46 Wareham St Unit 1A, Boston, MA 02118, USA",42.3392253,-71.0672351,personal,https://maps.google.com/?cid=4402705206417093995&g_mp=Cilnb29nbGUubWFwcy5wbGFjZXMudjEuUGxhY2VzLlNlYXJjaE5lYXJieRACGAQgAA,"fitness_center, gym, health, sports_activity_location, point_of_interest, service, establishment"
Lifted Fitness + Performance Boston,"72 K St, South Boston, MA 02127, USA",42.3390673,-71.0372985,$259,https://maps.google.com/?cid=14640260348152593343&g_mp=Cilnb29nbGUubWFwcy5wbGFjZXMudjEuUGxhY2VzLlNlYXJjaE5lYXJieRACGAQgAA,"gym, sports_activity_location, health, point_of_interest, service, establishment"
BodyScapes Fitness Longwood,"77 Avenue Louis Pasteur, Boston, MA 02115, USA",42.338971,-71.1036593,N/A,https://maps.google.com/?cid=11895651959413351797&g_mp=Cilnb29nbGUubWFwcy5wbGFjZXMudjEuUGxhY2VzLlNlYXJjaE5lYXJieRACGAQgAA,"gym, sports_activity_location, health, service, point_of_interest, establishment"
Regan's Motivated Fitness,"315 W Broadway, Boston, MA 02127, USA",42.3384242,-71.050479,$60,https://maps.google.com/?cid=3386350907619189898&g_mp=Cilnb29nbGUubWFwcy5wbGFjZXMudjEuUGxhY2VzLlNlYXJjaE5lYXJieRACGAQgAA,"yoga_studio, fitness_center, gym, sports_complex, sports_school, sports_activity_location, health, point_of_interest, service, establishment"
"Mass Underground, LLC","550 E 1st St, Boston, MA 02127, USA",42.3383903,-71.0379837,$149,https://maps.google.com/?cid=17600923515923947775&g_mp=Cilnb29nbGUubWFwcy5wbGFjZXMudjEuUGxhY2VzLlNlYXJjaE5lYXJieRACGAQgAA,"gym, fitness_center, sports_activity_location, health, point_of_interest, establishment"
Quin Pilates,"840 Summer St #306, Boston, MA 02127, USA",42.3379011,-71.0350201,$310,https://maps.google.com/?cid=13375757583307639652&g_mp=Cilnb29nbGUubWFwcy5wbGFjZXMudjEuUGxhY2VzLlNlYXJjaE5lYXJieRACGAQgAA,"gym, sports_complex, sports_school, sports_activity_location, health, point_of_interest, establishment"
Radiant Yoga Boston,"840 Summer St, Boston, MA 02127, USA",42.3378974,-71.0350153,$175,https://maps.google.com/?cid=2855893642585959031&g_mp=Cilnb29nbGUubWFwcy5wbGFjZXMudjEuUGxhY2VzLlNlYXJjaE5lYXJieRACGAQgAA,"yoga_studio, fitness_center, gym, sports_complex, sports_school, sports_activity_location, health, point_of_interest, establishment"
Endurance Pilates and Yoga,"1636 Washington St, Boston, MA 02118, USA",42.3378871,-71.074648,$390,https://maps.google.com/?cid=8457732174085906144&g_mp=Cilnb29nbGUubWFwcy5wbGFjZXMudjEuUGxhY2VzLlNlYXJjaE5lYXJieRACGAQgAA,"wellness_center, yoga_studio, fitness_center, gym, sports_complex, sports_school, sports_activity_location, health, school, educational_institution, service, point_of_interest, establishment"
MYSTRYDE Athletic Club South Boston,"850 Summer St, Boston, MA 02127, USA",42.3375854,-71.0353174,$196,https://maps.google.com/?cid=17431184483393179121&g_mp=Cilnb29nbGUubWFwcy5wbGFjZXMudjEuUGxhY2VzLlNlYXJjaE5lYXJieRACGAQgAA,"fitness_center, gym, sporting_goods_store, sports_activity_location, health, store, sports_club, point_of_interest, association_or_organization, service, establishment"
Margot Connell Recreation Center,"Edmonds Hall, 200 St Thomas More Rd, Boston, MA 02135, USA",42.3373247,-71.1645943,University,https://maps.google.com/?cid=2288560903244475642&g_mp=Cilnb29nbGUubWFwcy5wbGFjZXMudjEuUGxhY2VzLlNlYXJjaE5lYXJieRACGAQgAA,"gym, sports_activity_location, health, point_of_interest, establishment"
Evolve Power Yoga,"416 W Broadway Suite 201b, Boston, MA 02127, USA",42.3369817,-71.0473248,$120,https://maps.google.com/?cid=11529004418440637278&g_mp=Cilnb29nbGUubWFwcy5wbGFjZXMudjEuUGxhY2VzLlNlYXJjaE5lYXJieRACGAQgAA,"yoga_studio, fitness_center, sports_complex, gym, sports_activity_location, sports_school, health, point_of_interest, establishment"
Barre Groove,"416 W Broadway Suite 202, Boston, MA 02127, USA",42.3369792,-71.0473196,$140,https://maps.google.com/?cid=1767794354253497396&g_mp=Cilnb29nbGUubWFwcy5wbGFjZXMudjEuUGxhY2VzLlNlYXJjaE5lYXJieRACGAQgAA,"fitness_center, sports_complex, gym, sports_activity_location, sports_school, health, point_of_interest, establishment"
B/SPOKE South Boston,"54 Old Colony Ave 3rd Floor, Boston, MA 02127, USA",42.336634,-71.0558346,$168,https://maps.google.com/?cid=9028042861851765316&g_mp=Cilnb29nbGUubWFwcy5wbGFjZXMudjEuUGxhY2VzLlNlYXJjaE5lYXJieRACGAQgAA,"fitness_center, yoga_studio, sauna, gym, sports_complex, spa, public_bath, sports_school, health, sports_activity_location, point_of_interest, service, establishment"
btone FITNESS Southie,"423 W Broadway, South Boston, MA 02127, USA",42.3365604,-71.047546,$179,https://maps.google.com/?cid=2198251596517764722&g_mp=Cilnb29nbGUubWFwcy5wbGFjZXMudjEuUGxhY2VzLlNlYXJjaE5lYXJieRACGAQgAA,"fitness_center, sports_complex, gym, sports_activity_location, sports_school, health, point_of_interest, establishment"
East Side Yoga and Fitness,"584 E Broadway, Boston, MA 02127, USA",42.3356724,-71.0408556,$190,https://maps.google.com/?cid=8432269190269991221&g_mp=Cilnb29nbGUubWFwcy5wbGFjZXMudjEuUGxhY2VzLlNlYXJjaE5lYXJieRACGAQgAA,"yoga_studio, fitness_center, gym, sports_complex, sports_school, sports_activity_location, health, point_of_interest, service, establishment"
Power Rowing,"62 Harvard St unit b, Brookline, MA 02445, USA",42.335106,-71.119925,$175,https://maps.google.com/?cid=3250597859294065951&g_mp=Cilnb29nbGUubWFwcy5wbGFjZXMudjEuUGxhY2VzLlNlYXJjaE5lYXJieRACGAQgAA,"gym, sports_activity_location, point_of_interest, health, establishment"
CrossFit Southie,"383 Dorchester Ave Front, Boston, MA 02127, USA",42.3349197,-71.0576676,$149,https://maps.google.com/?cid=15290459857191711198&g_mp=Cilnb29nbGUubWFwcy5wbGFjZXMudjEuUGxhY2VzLlNlYXJjaE5lYXJieRACGAQgAA,"gym, fitness_center, health, sports_activity_location, point_of_interest, service, establishment"
Pure Barre,"39 Harvard St, Brookline, MA 02445, USA",42.3346202,-71.1188944,$159,https://maps.google.com/?cid=518766542216750853&g_mp=Cilnb29nbGUubWFwcy5wbGFjZXMudjEuUGxhY2VzLlNlYXJjaE5lYXJieRACGAQgAA,"fitness_center, gym, sports_activity_location, point_of_interest, health, establishment"
Baptiste Power Yoga Boston,"25 Harvard St, Brookline, MA 02445, USA",42.3341487,-71.1188039,$155,https://maps.google.com/?cid=5417772047051418736&g_mp=Cilnb29nbGUubWFwcy5wbGFjZXMudjEuUGxhY2VzLlNlYXJjaE5lYXJieRACGAQgAA,"yoga_studio, fitness_center, gym, sports_complex, sports_activity_location, sports_school, point_of_interest, health, establishment"
R3VIVE Fitness,"435 Melnea Cass Blvd, Boston, MA 02119, USA",42.3340132,-71.0821206,N/A,https://maps.google.com/?cid=11998534624497058821&g_mp=Cilnb29nbGUubWFwcy5wbGFjZXMudjEuUGxhY2VzLlNlYXJjaE5lYXJieRACGAQgAA,"gym, sports_activity_location, health, point_of_interest, establishment"
South End Fitness Center,"785 Albany St 4th floor, Boston, MA 02118, USA",42.3333574,-71.0742098,community center,https://maps.google.com/?cid=237319160478327428&g_mp=Cilnb29nbGUubWFwcy5wbGFjZXMudjEuUGxhY2VzLlNlYXJjaE5lYXJieRACGAQgAA,"gym, sports_activity_location, health, point_of_interest, establishment"
Beacon Hill Athletic Clubs,"279 Washington St, Brookline, MA 02445, USA",42.3332585,-71.1190133,$79,https://maps.google.com/?cid=14434277686199356831&g_mp=Cilnb29nbGUubWFwcy5wbGFjZXMudjEuUGxhY2VzLlNlYXJjaE5lYXJieRACGAQgAA,"fitness_center, gym, sports_activity_location, point_of_interest, health, establishment"
Mission Hill Yoga,"1467 Tremont St, Boston, MA 02120, USA",42.332077,-71.097907,$125,https://maps.google.com/?cid=16164605630588485833&g_mp=Cilnb29nbGUubWFwcy5wbGFjZXMudjEuUGxhY2VzLlNlYXJjaE5lYXJieRACGAQgAA,"yoga_studio, fitness_center, gym, sports_complex, sports_school, sports_activity_location, health, point_of_interest, establishment"
Reggie Lewis Track and Athletic Center,"1350 Tremont St, Boston, MA 02120, USA",42.3320087,-71.0929599,University,https://maps.google.com/?cid=3760529992068852936&g_mp=Cilnb29nbGUubWFwcy5wbGFjZXMudjEuUGxhY2VzLlNlYXJjaE5lYXJieRACGAQgAA,"gym, sports_club, event_venue, sports_activity_location, association_or_organization, health, point_of_interest, establishment"
Brookline High School Tappan Street Gym,"66 Tappan St, Brookline, MA 02445, USA",42.3319563,-71.1287013,community center,https://maps.google.com/?cid=8639313165039385746&g_mp=Cilnb29nbGUubWFwcy5wbGFjZXMudjEuUGxhY2VzLlNlYXJjaE5lYXJieRACGAQgAA,"gym, sports_activity_location, point_of_interest, health, establishment"
F45 Training Southie,"235 Old Colony Ave, South Boston, MA 02127, USA",42.3318978,-71.0535887,$170,https://maps.google.com/?cid=4052486639074495110&g_mp=Cilnb29nbGUubWFwcy5wbGFjZXMudjEuUGxhY2VzLlNlYXJjaE5lYXJieRACGAQgAA,"gym, health, sports_activity_location, point_of_interest, establishment"
Core Pilates & Pelvic Floor Health,"Washington St, Brookline, MA 02446, USA",42.3305098,-71.1256821,personal,https://maps.google.com/?cid=11802148592347323124&g_mp=Cilnb29nbGUubWFwcy5wbGFjZXMudjEuUGxhY2VzLlNlYXJjaE5lYXJieRACGAQgAA,"gym, sports_complex, sports_school, health, sports_activity_location, point_of_interest, establishment"
Fitness Together,"796 Beacon St, Newton, MA 02459, USA",42.3300986,-71.1934279,personal,https://maps.google.com/?cid=871545605088666600&g_mp=Cilnb29nbGUubWFwcy5wbGFjZXMudjEuUGxhY2VzLlNlYXJjaE5lYXJieRACGAQgAA,"fitness_center, gym, health, sports_activity_location, point_of_interest, service, establishment"
JET Boston (Roxbury),"10 Taber St #1c, Boston, MA 02119, USA",42.3298938,-71.0831294,personal,https://maps.google.com/?cid=14149737189589770519&g_mp=Cilnb29nbGUubWFwcy5wbGFjZXMudjEuUGxhY2VzLlNlYXJjaE5lYXJieRACGAQgAA,"wellness_center, yoga_studio, fitness_center, gym, sports_complex, sports_school, health, sports_coaching, sports_activity_location, point_of_interest, service, establishment"
Pure Barre,"1300 Centre St, Newton, MA 02459, USA",42.3290782,-71.1946479,$159,https://maps.google.com/?cid=7740479721148167665&g_mp=Cilnb29nbGUubWFwcy5wbGFjZXMudjEuUGxhY2VzLlNlYXJjaE5lYXJieRACGAQgAA,"fitness_center, gym, health, sports_activity_location, point_of_interest, establishment"
1 More Rep Athletics,"14-16 Partridge Pl, Boston, MA 02119, USA",42.324228,-71.0751365,$120,https://maps.google.com/?cid=6665545940800278139&g_mp=Cilnb29nbGUubWFwcy5wbGFjZXMudjEuUGxhY2VzLlNlYXJjaE5lYXJieRACGAQgAA,"gym, health, sports_activity_location, point_of_interest, establishment"
Barry's Chestnut Hill,"55 Boylston St #5568, Chestnut Hill, MA 02467, USA",42.3225197,-71.1704905,$230,https://maps.google.com/?cid=5640108455219277292&g_mp=Cilnb29nbGUubWFwcy5wbGFjZXMudjEuUGxhY2VzLlNlYXJjaE5lYXJieRACGAQgAA,"gym, health, sports_activity_location, point_of_interest, establishment"
IgniteFitnessDevelopment,"342 Centre St, Jamaica Plain, MA 02130, USA",42.3224267,-71.1068816,personal,https://maps.google.com/?cid=17713070455160086591&g_mp=Cilnb29nbGUubWFwcy5wbGFjZXMudjEuUGxhY2VzLlNlYXJjaE5lYXJieRACGAQgAA,"gym, health, sports_activity_location, point_of_interest, establishment"
Boston College Brookline Gym,"2-44 Woodland Rd, Chestnut Hill, MA 02467, USA",42.3209061,-71.1579041,University,https://maps.google.com/?cid=18317727261833699980&g_mp=Cilnb29nbGUubWFwcy5wbGFjZXMudjEuUGxhY2VzLlNlYXJjaE5lYXJieRACGAQgAA,"gym, health, sports_activity_location, point_of_interest, establishment"
Equinox Chestnut Hill,"200 Boylston St, Chestnut Hill, MA 02467, USA",42.3188954,-71.1751192,$275,https://maps.google.com/?cid=11304139276116216375&g_mp=Cilnb29nbGUubWFwcy5wbGFjZXMudjEuUGxhY2VzLlNlYXJjaE5lYXJieRACGAQgAA,"gym, yoga_studio, fitness_center, sports_complex, spa, sports_school, health, sports_activity_location, point_of_interest, service, establishment"
Life Time,"300 Boylston St, Chestnut Hill, MA 02467, USA",42.3185796,-71.179849,$289,https://maps.google.com/?cid=15879360339246876113&g_mp=Cilnb29nbGUubWFwcy5wbGFjZXMudjEuUGxhY2VzLlNlYXJjaE5lYXJieRACGAQgAA,"gym, yoga_studio, fitness_center, sports_complex, sports_school, health, sports_activity_location, point_of_interest, service, establishment"
Roxbury YMCA,"285 M.L.K. Jr Blvd, Roxbury, MA 02119, USA",42.3179184,-71.0825693,community center,https://maps.google.com/?cid=17343697002857679009&g_mp=Cilnb29nbGUubWFwcy5wbGFjZXMudjEuUGxhY2VzLlNlYXJjaE5lYXJieRACGAQgAA,"fitness_center, swimming_pool, community_center, non_profit_organization, gym, sports_activity_location, child_care_agency, event_venue, association_or_organization, health, point_of_interest, service, establishment"
Gymaica Personal Trainers,"2 Porter St, Jamaica Plain, MA 02130, USA",42.3160737,-71.1034773,personal,https://maps.google.com/?cid=3747231358540825757&g_mp=Cilnb29nbGUubWFwcy5wbGFjZXMudjEuUGxhY2VzLlNlYXJjaE5lYXJieRACGAQgAA,"fitness_center, spa, clothing_store, gym, sports_activity_location, store, health, point_of_interest, service, establishment"
Mike's Fitness JP,"284 Amory St #2, Jamaica Plain, MA 02130, USA",42.3145167,-71.1038972,$69,https://maps.google.com/?cid=8995752054178691382&g_mp=Cilnb29nbGUubWFwcy5wbGFjZXMudjEuUGxhY2VzLlNlYXJjaE5lYXJieRACGAQgAA,"gym, fitness_center, sports_activity_location, health, point_of_interest, establishment"
Egleston YMCA,"3134 Washington St, Roxbury, MA 02119, USA",42.3142177,-71.0993934,YMCA,https://maps.google.com/?cid=18215954834683543923&g_mp=Cilnb29nbGUubWFwcy5wbGFjZXMudjEuUGxhY2VzLlNlYXJjaE5lYXJieRACGAQgAA,"non_profit_organization, gym, sports_activity_location, association_or_organization, health, point_of_interest, service, establishment"
Blissful Monkey Yoga Studio,"663 Centre St, Boston, MA 02130, USA",42.3126581,-71.1142503,$119,https://maps.google.com/?cid=16563225828628020473&g_mp=Cilnb29nbGUubWFwcy5wbGFjZXMudjEuUGxhY2VzLlNlYXJjaE5lYXJieRACGAQgAA,"yoga_studio, fitness_center, sports_complex, gym, sports_activity_location, sports_school, health, point_of_interest, establishment"
UMass Boston Beacon Fitness Center,"McCormack Hall, University Dr S, Dorchester, MA 02125, USA",42.312509,-71.0397099,University,https://maps.google.com/?cid=7221658405059968993&g_mp=Cilnb29nbGUubWFwcy5wbGFjZXMudjEuUGxhY2VzLlNlYXJjaE5lYXJieRACGAQgAA,"gym, sports_activity_location, health, point_of_interest, establishment"
JP Centre Yoga,"670 Centre St, Jamaica Plain, MA 02130, USA",42.3123989,-71.1138756,$145,https://maps.google.com/?cid=14250626091124017798&g_mp=Cilnb29nbGUubWFwcy5wbGFjZXMudjEuUGxhY2VzLlNlYXJjaE5lYXJieRACGAQgAA,"yoga_studio, fitness_center, sports_complex, gym, sports_activity_location, sports_school, massage, health, point_of_interest, service, establishment"
Connected Through Strength,"107-109 Savin Hill Ave C, Dorchester, MA 02125, USA",42.3116125,-71.0538794,$100,https://maps.google.com/?cid=5571585897218516443&g_mp=Cilnb29nbGUubWFwcy5wbGFjZXMudjEuUGxhY2VzLlNlYXJjaE5lYXJieRACGAQgAA,"fitness_center, gym, health, sports_activity_location, point_of_interest, establishment"
Ally's Boxing Hub,"211 Green St, Jamaica Plain, MA 02130, USA",42.3095434,-71.1049885,$50,https://maps.google.com/?cid=16778848819400273604&g_mp=Cilnb29nbGUubWFwcy5wbGFjZXMudjEuUGxhY2VzLlNlYXJjaE5lYXJieRACGAQgAA,"sports_complex, gym, sports_activity_location, sports_school, sports_coaching, health, point_of_interest, establishment"
Curtis Hall Community Center,"20 South St, Jamaica Plain, MA 02130, USA",42.3088585,-71.1151372,community center,https://maps.google.com/?cid=11688947693395442796&g_mp=Cilnb29nbGUubWFwcy5wbGFjZXMudjEuUGxhY2VzLlNlYXJjaE5lYXJieRACGAQgAA,"community_center, gym, sports_activity_location, event_venue, health, point_of_interest, service, establishment"
Boston's Boxer Club,"3520 Washington St #1a, Jamaica Plain, MA 02130, USA",42.3054714,-71.1081408,$110,https://maps.google.com/?cid=6004972091043484622&g_mp=Cilnb29nbGUubWFwcy5wbGFjZXMudjEuUGxhY2VzLlNlYXJjaE5lYXJieRACGAQgAA,"gym, sports_coaching, sports_complex, sports_school, health, sports_activity_location, point_of_interest, establishment"
Planet Fitness,"3525 Washington St, Boston, MA 02130, USA",42.30523,-71.10904,$25,https://maps.google.com/?cid=6363402298350770532&g_mp=Cilnb29nbGUubWFwcy5wbGFjZXMudjEuUGxhY2VzLlNlYXJjaE5lYXJieRACGAQgAA,"gym, fitness_center, tanning_studio, spa, health, sports_activity_location, point_of_interest, service, establishment"
JP CrossFit,"54 Hyde Park Ave, Jamaica Plain, MA 02130, USA",42.2987259,-71.1141096,$200,https://maps.google.com/?cid=3214760296088405269&g_mp=Cilnb29nbGUubWFwcy5wbGFjZXMudjEuUGxhY2VzLlNlYXJjaE5lYXJieRACGAQgAA,"gym, sports_complex, sports_school, health, sports_activity_location, point_of_interest, establishment"
Luna Fitness Club,"735 William T Morrissey Blvd, Dorchester, MA 02122, USA",42.2953855,-71.0487068,$35,https://maps.google.com/?cid=9951523620044226705&g_mp=Cilnb29nbGUubWFwcy5wbGFjZXMudjEuUGxhY2VzLlNlYXJjaE5lYXJieRACGAQgAA,"fitness_center, gym, sports_complex, sports_activity_location, sports_school, point_of_interest, health, service, establishment"
Revamp Training,"1678 Dorchester Ave, Dorchester, MA 02122, USA",42.2931759,-71.0621129,$200,https://maps.google.com/?cid=13571134292062603186&g_mp=Cilnb29nbGUubWFwcy5wbGFjZXMudjEuUGxhY2VzLlNlYXJjaE5lYXJieRACGAQgAA,"fitness_center, sports_complex, gym, health, sports_activity_location, point_of_interest, consultant, service, establishment"
Open Doors Yoga Studios - Dorchester,"960 Morrissey Blvd, Dorchester, MA 02122, USA",42.2916898,-71.0465035,$139,https://maps.google.com/?cid=7617492679274780450&g_mp=Cilnb29nbGUubWFwcy5wbGFjZXMudjEuUGxhY2VzLlNlYXJjaE5lYXJieRACGAQgAA,"yoga_studio, fitness_center, sports_school, gym, sports_complex, sports_activity_location, point_of_interest, health, establishment"
btone FITNESS Dorchester,"500 Talbot Ave, Dorchester, MA 02124, USA",42.2886121,-71.0659825,$169,https://maps.google.com/?cid=4322464986282144035&g_mp=Cilnb29nbGUubWFwcy5wbGFjZXMudjEuUGxhY2VzLlNlYXJjaE5lYXJieRACGAQgAA,"fitness_center, gym, health, sports_activity_location, point_of_interest, establishment"
Planet Fitness,"500 Neponset Ave, Dorchester, MA 02122, USA",42.2852341,-71.0403004,$25,https://maps.google.com/?cid=15598139564786162965&g_mp=Cilnb29nbGUubWFwcy5wbGFjZXMudjEuUGxhY2VzLlNlYXJjaE5lYXJieRACGAQgAA,"gym, fitness_center, tanning_studio, spa, sports_activity_location, point_of_interest, service, health, establishment"
Dorchester YMCA,"776 Washington St, Boston, MA 02124, USA",42.2846914,-71.0708903,community center,https://maps.google.com/?cid=15008663172205907895&g_mp=Cilnb29nbGUubWFwcy5wbGFjZXMudjEuUGxhY2VzLlNlYXJjaE5lYXJieRACGAQgAA,"fitness_center, gym, swimming_pool, non_profit_organization, health, association_or_organization, sports_activity_location, point_of_interest, service, establishment"
Crunch Fitness - Dorchester,"540 Gallivan Blvd, Boston, MA 02124, USA",42.2829903,-71.0545938,$30,https://maps.google.com/?cid=8828201386205371786&g_mp=Cilnb29nbGUubWFwcy5wbGFjZXMudjEuUGxhY2VzLlNlYXJjaE5lYXJieRACGAQgAA,"gym, health, sports_activity_location, point_of_interest, establishment"
CrossFit 617 - Dorchester,"62 Hill Top St, Dorchester, MA 02124, USA",42.2791268,-71.0512624,personal,https://maps.google.com/?cid=5351147027925454114&g_mp=Cilnb29nbGUubWFwcy5wbGFjZXMudjEuUGxhY2VzLlNlYXJjaE5lYXJieRACGAQgAA,"gym, sports_activity_location, point_of_interest, health, establishment"
McCurdy Outdoor Track,"145 N Harvard St, Boston, MA 02134",42.3593875,-71.1250268,outdoor track/gym,,
Moakley Outdoor Track,"1005 Columbia Rd, Boston, MA 02127",42.3256856,-71.0547423,outdoor track/gym,,
Esplanade Outdoor Gym,,42.3499838,-71.1001813,outdoor track/gym,,
Nickerson Field,"285 Babcock St, Boston, MA 02215",42.3529045,-71.1233644,outdoor track/gym,,
Harry Downes Field,"24 Highland Rd, Brookline, MA 02445",42.3246133,-71.1192491,outdoor track/gym,,
Roberto Clemente Field,"62 Kilmarnock St, Boston, MA 02215",42.3412017,-71.0981619,outdoor track/gym,,
Franklin Park,"Pierpont Rd, Boston, MA 02119",42.309351,-71.1030904,outdoor track/gym,,
Roberts Playground,"56 Dunbar Ave, Boston, MA 02124",42.286596,-71.0733176,outdoor track/gym,,
Orton Field,"200 D St, Boston, MA 02127",42.3386625,-71.0545709,outdoor track/gym,,
Charlestown Community Center,"255 Medford St, Charlestown, MA 02129",42.3812703,-71.0585264,outdoor track/gym,,
Winkler Stadium,"140 Brandeis Rd, Newton, MA 02459",42.3125787,-71.18447,outdoor track/gym,,
Madison Park Field,"2 Madison Park Ct, Boston, MA 02120",42.332319,-71.086918,outdoor track/gym,,
East Boston Memorial Stadium,"143 Porter St, Boston, MA 02128",42.3731424,-71.0319744,outdoor track/gym,,
Magazine Beach Outdoor Gym,"668 Memorial Dr, Cambridge, MA 02139",42.3551683,-71.1140546,outdoor track/gym,,
Puopolo Playground Outdoor Gym,"Langone Park, 517 Commercial St, Boston, MA 02109",42.3684541,-71.0565235,outdoor track/gym,,